1,NameC,2020-09-11,locationB,LInJun,SHI374,projectC,28.56,67799212,RobotD,00:00:00+10,kg,2020-09-11 00:00:00+10,8
2,NameB,2020-09-12,locationE,LInJun,YHD234,projectC,15.1,29948377,RobotF,06:00:00+10,kg,2020-09-12 06:00:00+10,6
3,NameA,2020-09-12,locationD,LInJun,VJS873,projectC,27.23,93295458,RobotC,06:00:00+10,kg,2020-09-12 06:00:00+10,1
4,NameF,2020-09-13,locationE,LInJun,URI240,projectC,6.28,99763133,RobotA,00:00:00+10,kg,2020-09-13 00:00:00+10,7
5,NameF,2020-09-13,locationD,LInJun,FJD837,projectC,11.29,85097381,RobotC,13:00:00+10,kg,2020-09-13 13:00:00+10,9
6,NameB,2020-09-14,locationC,LInJun,USA987,projectC,16.33,23412471,RobotA,03:00:00+10,kg,2020-09-14 03:00:00+10,4
7,NameD,2020-09-14,locationE,LInJun,SHI374,projectA,13.11,21993114,RobotB,00:00:00+10,kg,2020-09-14 00:00:00+10,8
8,NameA,2020-09-28,locationE,LInJun,BVH475,projectC,30.76,90159642,RobotE,22:00:00+10,kg,2020-09-28 22:00:00+10,9
9,NameE,2020-09-29,locationF,LInJun,FJD837,projectB,27.48,89349602,RobotE,18:00:00+10,kg,2020-09-29 18:00:00+10,1
10,NameE,2020-10-02,locationC,LInJun,USA987,projectA,20.19,48306606,RobotF,23:00:00+10,kg,2020-10-02 23:00:00+10,9
11,NameB,2020-10-02,locationE,LInJun,USA987,projectB,7.81,40361766,RobotB,10:00:00+10,kg,2020-10-02 10:00:00+10,8
12,NameE,2020-10-02,locationE,LInJun,JVB346,projectA,23.92,70610236,RobotE,11:00:00+10,kg,2020-10-02 11:00:00+10,5
13,NameB,2020-10-02,locationA,LInJun,JFD984,projectA,21.5,22563178,RobotB,11:00:00+10,kg,2020-10-02 11:00:00+10,1
14,NameA,2020-10-02,locationE,LInJun,NBS293,projectA,18.42,10915000,RobotD,11:00:00+10,kg,2020-10-02 11:00:00+10,7
15,NameA,2020-09-11,locationF,LInJun,ABC123,projectB,29.21,70188437,RobotA,00:00:00+10,kg,2020-09-11 00:00:00+10,10
16,NameB,2020-09-12,locationD,LInJun,YHD234,projectB,8.98,66612272,RobotD,19:00:00+10,kg,2020-09-12 19:00:00+10,9
17,NameF,2020-09-13,locationA,LInJun,SDK932,projectC,9.25,63599000,RobotE,03:00:00+10,kg,2020-09-13 03:00:00+10,4
18,NameA,2020-09-14,locationB,LInJun,NBS293,projectB,24.52,66283920,RobotA,14:00:00+10,kg,2020-09-14 14:00:00+10,10
19,NameA,2020-09-15,locationE,LInJun,JFD984,projectB,21.85,74006023,RobotD,00:00:00+10,kg,2020-09-15 00:00:00+10,1
20,NameA,2020-09-16,locationC,LInJun,SDK932,projectB,28.85,97887041,RobotA,07:00:00+10,kg,2020-09-16 07:00:00+10,2
21,NameE,2020-09-17,locationC,LInJun,SDK932,projectC,11.86,48670310,RobotA,14:00:00+10,kg,2020-09-17 14:00:00+10,8
22,NameC,2020-09-18,locationA,LInJun,BSA853,projectA,9.33,42729998,RobotD,21:00:00+10,kg,2020-09-18 21:00:00+10,10
23,NameF,2020-09-19,locationA,LInJun,AIR043,projectA,23.36,40394191,RobotB,05:00:00+10,kg,2020-09-19 05:00:00+10,3
24,NameE,2020-09-20,locationE,LInJun,BVH475,projectA,5.71,48497522,RobotE,06:00:00+10,kg,2020-09-20 06:00:00+10,1
25,NameF,2020-09-21,locationC,LInJun,SHI374,projectB,10.94,14219428,RobotD,11:00:00+10,kg,2020-09-21 11:00:00+10,3
26,NameE,2020-09-22,locationA,LInJun,NBS293,projectC,26.45,50499191,RobotF,12:00:00+10,kg,2020-09-22 12:00:00+10,3
27,NameD,2020-09-23,locationD,LInJun,BSA853,projectC,28.61,22199049,RobotD,01:00:00+10,kg,2020-09-23 01:00:00+10,8
28,NameB,2020-09-24,locationD,LInJun,BSA853,projectC,9.95,86260311,RobotE,00:00:00+10,kg,2020-09-24 00:00:00+10,3
29,NameB,2020-09-25,locationE,LInJun,NBS293,projectA,21.47,82160172,RobotF,12:00:00+10,kg,2020-09-25 12:00:00+10,4
30,NameB,2020-10-25,locationA,LInJun,VJS873,projectB,11.61,45137394,RobotC,08:00:00+10,kg,2020-10-25 08:00:00+10,10
31,NameA,2020-10-26,locationA,LInJun,URI240,projectC,30.05,99947750,RobotE,14:00:00+10,kg,2020-10-26 14:00:00+10,9
32,NameC,2020-10-27,locationB,LInJun,FJD837,projectB,7.75,99573857,RobotD,10:00:00+10,kg,2020-10-27 10:00:00+10,4
33,NameC,2020-10-28,locationB,LInJun,SDK932,projectC,26.19,73293439,RobotC,13:00:00+10,kg,2020-10-28 13:00:00+10,7
34,NameA,2020-10-29,locationA,LInJun,ABC123,projectB,15.94,79570175,RobotC,13:00:00+10,kg,2020-10-29 13:00:00+10,3
35,NameE,2020-11-01,locationA,LInJun,FJD837,projectA,12.85,50876836,RobotF,06:00:00+10,kg,2020-11-01 06:00:00+10,8
36,NameE,2020-11-02,locationA,LInJun,USA987,projectB,22.87,54092242,RobotF,02:00:00+10,kg,2020-11-02 02:00:00+10,8
37,NameB,2020-11-03,locationF,LInJun,MVS239,projectA,24.97,75064371,RobotD,13:00:00+10,kg,2020-11-03 13:00:00+10,2
38,NameE,2020-11-04,locationE,LInJun,FJD837,projectC,7.66,43217970,RobotF,01:00:00+10,kg,2020-11-04 01:00:00+10,7
39,NameE,2020-11-05,locationD,LInJun,BSA853,projectA,26.75,33976929,RobotD,20:00:00+10,kg,2020-11-05 20:00:00+10,4
40,NameE,2020-11-06,locationF,LInJun,ABC123,projectC,30.5,86867259,RobotF,19:00:00+10,kg,2020-11-06 19:00:00+10,7
41,NameA,2020-11-06,locationF,LInJun,MVS239,projectC,29.49,40315085,RobotC,14:00:00+10,kg,2020-11-06 14:00:00+10,5
42,NameD,2020-11-06,locationF,LInJun,BSA853,projectC,25.22,84303731,RobotA,00:00:00+10,kg,2020-11-06 00:00:00+10,6
43,NameC,2020-11-06,locationA,LInJun,AIR043,projectA,12.85,53296026,RobotE,12:00:00+10,kg,2020-11-06 12:00:00+10,9
44,NameE,2020-11-10,locationB,LInJun,SJI573,projectA,18.99,55052039,RobotA,04:00:00+10,kg,2020-11-10 04:00:00+10,1
45,NameF,2020-11-06,locationD,LInJun,SHI374,projectB,5.73,69475460,RobotC,18:00:00+10,kg,2020-11-06 18:00:00+10,3
46,NameE,2020-10-03,locationC,LInJun,YHD234,projectA,21.23,15447521,RobotD,06:00:00+10,kg,2020-10-03 06:00:00+10,2
47,NameF,2020-11-11,locationF,LInJun,BSA853,projectC,14.18,20642709,RobotF,07:00:00+10,kg,2020-11-11 07:00:00+10,3
48,NameD,2020-11-12,locationF,LInJun,NBS293,projectB,5.86,21918809,RobotC,03:00:00+10,kg,2020-11-12 03:00:00+10,1
49,NameC,2020-11-12,locationF,LInJun,VSK938,projectB,16.79,54114747,RobotD,03:00:00+10,kg,2020-11-12 03:00:00+10,10
50,NameE,2020-11-13,locationA,LInJun,AIR043,projectB,5.36,97461814,RobotD,09:00:00+10,kg,2020-11-13 09:00:00+10,1
51,NameC,2020-11-14,locationD,LInJun,JFD984,projectA,27.55,23783744,RobotA,16:00:00+10,kg,2020-11-14 16:00:00+10,7
52,NameC,2020-11-15,locationA,LInJun,ABC123,projectB,30.86,60972440,RobotF,23:00:00+10,kg,2020-11-15 23:00:00+10,6
53,NameE,2020-11-16,locationC,LInJun,SJI573,projectB,26.59,70707370,RobotA,18:00:00+10,kg,2020-11-16 18:00:00+10,5
54,NameA,2020-11-16,locationE,LInJun,EDF432,projectA,5.05,70382692,RobotF,13:00:00+10,kg,2020-11-16 13:00:00+10,2
55,NameE,2020-11-30,locationB,LInJun,SDK932,projectA,14.15,87237879,RobotE,12:00:00+10,kg,2020-11-30 12:00:00+10,2
56,NameA,2020-12-12,locationC,LInJun,FJD837,projectB,7.52,86440534,RobotA,15:00:00+10,kg,2020-12-12 15:00:00+10,2
57,NameF,2020-12-26,locationA,LInJun,YHD234,projectC,25.32,99506080,RobotF,11:00:00+10,kg,2020-12-26 11:00:00+10,6
58,NameA,2020-12-15,locationB,LInJun,JVB346,projectC,20.74,34119730,RobotA,14:00:00+10,kg,2020-12-15 14:00:00+10,5
59,NameE,2020-12-10,locationD,LInJun,SDK932,projectA,10.78,67469396,RobotE,23:00:00+10,kg,2020-12-10 23:00:00+10,5
60,NameA,2020-12-16,locationC,LInJun,ABC123,projectA,24.81,68138424,RobotF,13:00:00+10,kg,2020-12-16 13:00:00+10,6
61,NameC,2020-12-17,locationD,LInJun,FJD837,projectA,23.77,28262572,RobotF,17:00:00+10,kg,2020-12-17 17:00:00+10,5
62,NameD,2020-12-20,locationD,LInJun,VJS873,projectC,17.34,53031308,RobotF,23:00:00+10,kg,2020-12-20 23:00:00+10,2
63,NameD,2020-12-05,locationB,LInJun,VJS873,projectA,8.02,29461692,RobotB,03:00:00+10,kg,2020-12-05 03:00:00+10,1
64,NameA,2021-01-02,locationD,LInJun,AIR043,projectB,28.85,91978082,RobotA,05:00:00+10,kg,2021-01-02 05:00:00+10,7
65,NameC,2020-12-18,locationA,LInJun,YHD234,projectA,12.12,56900716,RobotE,05:00:00+10,kg,2020-12-18 05:00:00+10,6
66,NameF,2020-11-26,locationE,LInJun,SJI573,projectB,26.04,78070186,RobotA,17:00:00+10,kg,2020-11-26 17:00:00+10,4
67,NameB,2020-11-23,locationD,LInJun,SHI374,projectA,23.94,10615744,RobotE,08:00:00+10,kg,2020-11-23 08:00:00+10,4
68,NameE,2020-11-24,locationA,LInJun,ABC123,projectB,22.67,19620484,RobotE,19:00:00+10,kg,2020-11-24 19:00:00+10,1
69,NameD,2020-12-18,locationE,LInJun,NBS293,projectA,9.31,46646153,RobotD,09:00:00+10,kg,2020-12-18 09:00:00+10,8
70,NameB,2020-12-27,locationA,LInJun,ABC123,projectA,11.92,94368143,RobotF,15:00:00+10,kg,2020-12-27 15:00:00+10,6
71,NameB,2020-11-26,locationD,LInJun,VSK938,projectA,30.14,48283090,RobotD,07:00:00+10,kg,2020-11-26 07:00:00+10,7
72,NameF,2020-11-17,locationB,LInJun,NBS293,projectC,13.05,98817275,RobotC,23:00:00+10,kg,2020-11-17 23:00:00+10,6
73,NameC,2020-12-18,locationE,LInJun,SJI573,projectA,17.66,80664274,RobotE,16:00:00+10,kg,2020-12-18 16:00:00+10,5
74,NameF,2020-12-12,locationF,LInJun,JFD984,projectB,28.37,93795375,RobotB,07:00:00+10,kg,2020-12-12 07:00:00+10,6
75,NameE,2020-12-12,locationC,LInJun,URI240,projectC,15.68,50795019,RobotC,23:00:00+10,kg,2020-12-12 23:00:00+10,9
76,NameD,2020-11-17,locationB,LInJun,FJD837,projectB,17.01,49712707,RobotB,06:00:00+10,kg,2020-11-17 06:00:00+10,5
77,NameA,2020-12-06,locationD,LInJun,SDK932,projectC,15.26,87137241,RobotE,14:00:00+10,kg,2020-12-06 14:00:00+10,8
78,NameA,2020-12-09,locationA,LInJun,MVS239,projectB,28.33,71146438,RobotB,11:00:00+10,kg,2020-12-09 11:00:00+10,9
79,NameE,2020-11-17,locationB,LInJun,AIR043,projectC,10.57,83582797,RobotA,08:00:00+10,kg,2020-11-17 08:00:00+10,4
80,NameE,2020-12-13,locationA,LInJun,SDK932,projectB,14.56,42473884,RobotF,09:00:00+10,kg,2020-12-13 09:00:00+10,1
81,NameB,2020-12-30,locationD,LInJun,BVH475,projectB,5.59,63244356,RobotD,18:00:00+10,kg,2020-12-30 18:00:00+10,2
82,NameF,2020-12-16,locationD,LInJun,VJS873,projectA,27.94,92348516,RobotE,05:00:00+10,kg,2020-12-16 05:00:00+10,10
83,NameD,2020-12-24,locationD,LInJun,BVH475,projectC,30.43,92914009,RobotB,16:00:00+10,kg,2020-12-24 16:00:00+10,3
84,nameF,2020-12-07,locationB,LInJun,NBS293,projectA,12.57,69598351,RobotF,15:00:00+10,kg,2020-12-07 15:00:00+10,2
85,nameB,2020-11-18,locationC,LInJun,SDK932,projectA,20.77,79963569,RobotD,02:00:00+10,kg,2020-11-18 02:00:00+10,1
86,nameA,2020-11-29,locationC,LInJun,ABC123,projectC,12.44,58301258,RobotC,08:00:00+10,kg,2020-11-29 08:00:00+10,3
87,nameC,2020-11-16,locationA,LInJun,YHD234,projectB,20.85,57557836,RobotD,00:00:00+10,kg,2020-11-16 00:00:00+10,4
88,nameA,2020-12-06,locationD,LInJun,YHD234,projectA,21.59,82711431,RobotD,16:00:00+10,kg,2020-12-06 16:00:00+10,10
89,nameE,2020-12-24,locationE,LInJun,MVS239,projectA,26.74,58531720,RobotB,06:00:00+10,kg,2020-12-24 06:00:00+10,10
90,nameB,2020-12-07,locationF,LInJun,AIR043,projectC,26.7,39417227,RobotB,15:00:00+10,kg,2020-12-07 15:00:00+10,6
91,nameD,2020-12-11,locationC,LInJun,AIR043,projectA,24.78,19329445,RobotA,23:00:00+10,kg,2020-12-11 23:00:00+10,9
92,nameF,2020-12-24,locationA,LInJun,URI240,projectB,8.01,93941510,RobotF,22:00:00+10,kg,2020-12-24 22:00:00+10,7
93,nameA,2020-12-09,locationD,LInJun,BSA853,projectB,27.8,25622853,RobotE,23:00:00+10,kg,2020-12-09 23:00:00+10,10
94,nameF,2020-12-18,locationA,LInJun,EDF432,projectC,9.43,70423115,RobotD,07:00:00+10,kg,2020-12-18 07:00:00+10,8
95,nameF,2020-12-20,locationD,LInJun,FJD837,projectB,15.41,38527110,RobotF,01:00:00+10,kg,2020-12-20 01:00:00+10,5
96,nameB,2020-12-28,locationF,LInJun,BSA853,projectC,13.66,66596609,RobotF,01:00:00+10,kg,2020-12-28 01:00:00+10,1
97,nameA,2020-11-30,locationB,LInJun,VSK938,projectA,26.41,21850017,RobotD,17:00:00+10,kg,2020-11-30 17:00:00+10,8
98,nameF,2020-12-09,locationC,LInJun,BSA853,projectC,22.94,23847313,RobotD,19:00:00+10,kg,2020-12-09 19:00:00+10,9
99,nameB,2020-12-18,locationB,LInJun,EDF432,projectC,20.38,29268542,RobotC,03:00:00+10,kg,2020-12-18 03:00:00+10,9
100,nameE,2020-12-07,locationC,LInJun,JFD984,projectA,15.48,51782486,RobotC,11:00:00+10,kg,2020-12-07 11:00:00+10,8
101,nameE,2020-12-24,locationD,LInJun,SDK932,projectC,23.8,68730712,RobotF,10:00:00+10,kg,2020-12-24 10:00:00+10,10
102,nameA,2020-11-28,locationE,LInJun,BSA853,projectA,10.87,53565167,RobotC,10:00:00+10,kg,2020-11-28 10:00:00+10,9
103,nameE,2020-12-10,locationE,LInJun,SDK932,projectA,8.94,24970706,RobotD,13:00:00+10,kg,2020-12-10 13:00:00+10,2
104,nameD,2020-11-26,locationF,LInJun,SHI374,projectA,7.59,36318760,RobotE,06:00:00+10,kg,2020-11-26 06:00:00+10,6
105,nameB,2020-12-01,locationE,LInJun,SDK932,projectC,13.37,81386205,RobotB,10:00:00+10,kg,2020-12-01 10:00:00+10,10
106,nameD,2020-11-26,locationB,LInJun,BVH475,projectC,28.91,18686296,RobotA,19:00:00+10,kg,2020-11-26 19:00:00+10,10
107,nameD,2020-12-02,locationA,LInJun,MVS239,projectA,21.91,93879556,RobotC,06:00:00+10,kg,2020-12-02 06:00:00+10,3
108,nameC,2020-11-30,locationE,LInJun,BSA853,projectB,21.98,91291247,RobotC,14:00:00+10,kg,2020-11-30 14:00:00+10,7
109,nameE,2020-12-16,locationA,LInJun,FJD837,projectC,12.4,92448998,RobotB,01:00:00+10,kg,2020-12-16 01:00:00+10,8
110,nameD,2020-11-22,locationE,LInJun,URI240,projectB,22.16,25887472,RobotA,12:00:00+10,kg,2020-11-22 12:00:00+10,5
111,nameE,2020-12-13,locationC,LInJun,ABC123,projectA,5.02,67420907,RobotE,11:00:00+10,kg,2020-12-13 11:00:00+10,5
112,nameA,2020-12-26,locationF,LInJun,SDK932,projectC,30.93,85422489,RobotD,05:00:00+10,kg,2020-12-26 05:00:00+10,6
113,nameF,2020-11-22,locationB,LInJun,VSK938,projectC,18.84,90638684,RobotA,00:00:00+10,kg,2020-11-22 00:00:00+10,1
114,nameA,2020-11-20,locationF,LInJun,JFD984,projectA,18.88,62454489,RobotB,11:00:00+10,kg,2020-11-20 11:00:00+10,7
115,nameB,2020-12-20,locationD,LInJun,YHD234,projectC,18.19,61186919,RobotE,17:00:00+10,kg,2020-12-20 17:00:00+10,4
116,nameB,2020-12-28,locationA,LInJun,NBS293,projectC,29.09,74037896,RobotA,00:00:00+10,kg,2020-12-28 00:00:00+10,2
117,nameE,2020-11-29,locationA,LInJun,VJS873,projectC,22.13,80273360,RobotA,07:00:00+10,kg,2020-11-29 07:00:00+10,6
118,nameA,2020-11-20,locationA,LInJun,VSK938,projectA,16.18,58355538,RobotE,09:00:00+10,kg,2020-11-20 09:00:00+10,3
119,nameB,2020-12-02,locationF,LInJun,SDK932,projectB,15.81,39502251,RobotF,09:00:00+10,kg,2020-12-02 09:00:00+10,2
120,nameB,2020-12-24,locationD,LInJun,SJI573,projectC,5.75,14528964,RobotF,11:00:00+10,kg,2020-12-24 11:00:00+10,2
121,nameA,2020-12-21,locationE,LInJun,ABC123,projectC,22.13,92125417,RobotE,07:00:00+10,kg,2020-12-21 07:00:00+10,3
122,nameB,2020-12-31,locationF,LInJun,SJI573,projectB,13.87,85553001,RobotE,22:00:00+10,kg,2020-12-31 22:00:00+10,4
123,nameC,2021-01-02,locationF,LInJun,USA987,projectC,22.49,12751958,RobotD,20:00:00+10,kg,2021-01-02 20:00:00+10,5
124,nameB,2020-11-23,locationC,LInJun,AIR043,projectA,8.49,87126324,RobotD,09:00:00+10,kg,2020-11-23 09:00:00+10,8
125,nameB,2020-12-05,locationC,LInJun,URI240,projectB,7.22,75641089,RobotD,14:00:00+10,kg,2020-12-05 14:00:00+10,9
126,nameA,2020-12-30,locationB,LInJun,SUR213,projectA,28.86,97143231,RobotB,06:00:00+10,kg,2020-12-30 06:00:00+10,9
127,nameA,2020-12-13,locationD,LInJun,SHI374,projectA,30.05,78632319,RobotD,18:00:00+10,kg,2020-12-13 18:00:00+10,10
128,nameA,2020-12-15,locationF,LInJun,VJS873,projectA,17.43,83339547,RobotF,12:00:00+10,kg,2020-12-15 12:00:00+10,7
129,nameD,2020-12-17,locationB,LInJun,VJS873,projectB,25.7,31206222,RobotD,07:00:00+10,kg,2020-12-17 07:00:00+10,1
130,nameD,2020-12-04,locationE,LInJun,BVH475,projectC,20.76,12028303,RobotA,18:00:00+10,kg,2020-12-04 18:00:00+10,9
131,nameE,2020-12-06,locationE,LInJun,VSK938,projectC,22.97,44619377,RobotF,02:00:00+10,kg,2020-12-06 02:00:00+10,7
132,nameC,2020-11-23,locationE,LInJun,EDF432,projectA,18.06,62271881,RobotE,18:00:00+10,kg,2020-11-23 18:00:00+10,8
133,nameE,2020-12-20,locationB,LInJun,BVH475,projectC,19.88,68254992,RobotF,21:00:00+10,kg,2020-12-20 21:00:00+10,1
134,nameC,2020-12-16,locationA,LInJun,AIR043,projectB,28.4,14464400,RobotC,19:00:00+10,kg,2020-12-16 19:00:00+10,5
135,nameA,2020-12-11,locationF,LInJun,SUR213,projectB,27.27,73127600,RobotD,18:00:00+10,kg,2020-12-11 18:00:00+10,3
136,nameC,2020-12-20,locationD,LInJun,ABC123,projectA,7.22,65727810,RobotF,17:00:00+10,kg,2020-12-20 17:00:00+10,3
137,nameC,2020-11-18,locationA,LInJun,EDF432,projectA,12.36,45723759,RobotF,17:00:00+10,kg,2020-11-18 17:00:00+10,3
138,nameB,2020-12-25,locationA,LInJun,VJS873,projectC,23.82,87767242,RobotA,11:00:00+10,kg,2020-12-25 11:00:00+10,8
139,nameA,2020-11-29,locationE,LInJun,BSA853,projectC,16.25,20584577,RobotC,12:00:00+10,kg,2020-11-29 12:00:00+10,7
140,nameD,2020-12-13,locationD,LInJun,SDK932,projectC,17.76,95972918,RobotC,16:00:00+10,kg,2020-12-13 16:00:00+10,3
141,nameE,2020-12-29,locationD,LInJun,BVH475,projectB,23.8,84946002,RobotB,00:00:00+10,kg,2020-12-29 00:00:00+10,5
142,nameB,2020-12-02,locationC,LInJun,SUR213,projectB,28.59,22394309,RobotF,20:00:00+10,kg,2020-12-02 20:00:00+10,1
143,nameA,2020-11-30,locationB,LInJun,ABC123,projectB,14.32,81542835,RobotF,12:00:00+10,kg,2020-11-30 12:00:00+10,2
144,nameB,2020-12-01,locationC,LInJun,FJD837,projectC,25.72,59773356,RobotF,04:00:00+10,kg,2020-12-01 04:00:00+10,10
145,nameA,2020-11-26,locationA,LInJun,AIR043,projectB,26.22,77663851,RobotE,07:00:00+10,kg,2020-11-26 07:00:00+10,5
146,nameA,2020-11-29,locationF,LInJun,JFD984,projectB,15.67,86674250,RobotF,01:00:00+10,kg,2020-11-29 01:00:00+10,6
147,nameE,2020-12-15,locationF,LInJun,YHD234,projectC,16.64,87501487,RobotA,03:00:00+10,kg,2020-12-15 03:00:00+10,2
148,nameF,2020-12-01,locationE,LInJun,EDF432,projectA,18.96,49489901,RobotF,08:00:00+10,kg,2020-12-01 08:00:00+10,2
149,nameD,2020-12-02,locationB,LInJun,BVH475,projectA,15.35,94050803,RobotD,22:00:00+10,kg,2020-12-02 22:00:00+10,7
150,nameA,2020-12-18,locationB,LInJun,BSA853,projectA,25.35,82020654,RobotB,04:00:00+10,kg,2020-12-18 04:00:00+10,1
151,nameC,2020-12-23,locationB,LInJun,BVH475,projectA,15.53,84375890,RobotC,06:00:00+10,kg,2020-12-23 06:00:00+10,1
152,nameF,2020-12-03,locationC,LInJun,YHD234,projectC,24.29,36776407,RobotE,17:00:00+10,kg,2020-12-03 17:00:00+10,10
153,nameA,2020-12-08,locationB,LInJun,BVH475,projectB,20.17,29171952,RobotC,14:00:00+10,kg,2020-12-08 14:00:00+10,10
154,nameC,2020-11-28,locationD,LInJun,SHI374,projectA,12.42,79418527,RobotE,04:00:00+10,kg,2020-11-28 04:00:00+10,6
155,nameB,2020-11-24,locationF,LInJun,SHI374,projectB,13.37,35807131,RobotF,00:00:00+10,kg,2020-11-24 00:00:00+10,5
156,nameB,2020-12-23,locationE,LInJun,SHI374,projectB,22.96,63687368,RobotC,20:00:00+10,kg,2020-12-23 20:00:00+10,10
157,nameA,2020-12-24,locationA,LInJun,VJS873,projectB,26.88,64555415,RobotC,07:00:00+10,kg,2020-12-24 07:00:00+10,4
158,nameA,2020-12-01,locationF,LInJun,BSA853,projectB,10.23,66052509,RobotE,21:00:00+10,kg,2020-12-01 21:00:00+10,3
159,nameD,2020-11-29,locationA,LInJun,BSA853,projectA,28.06,70533372,RobotF,01:00:00+10,kg,2020-11-29 01:00:00+10,6
160,nameB,2020-12-01,locationF,LInJun,VSK938,projectB,12.64,63900421,RobotD,15:00:00+10,kg,2020-12-01 15:00:00+10,5
161,nameB,2020-12-29,locationE,LInJun,URI240,projectA,5.84,97881877,RobotB,19:00:00+10,kg,2020-12-29 19:00:00+10,9
162,nameC,2020-12-08,locationF,LInJun,USA987,projectB,27.78,32644906,RobotD,02:00:00+10,kg,2020-12-08 02:00:00+10,5
163,nameF,2020-12-27,locationA,LInJun,USA987,projectB,26.71,72258054,RobotA,05:00:00+10,kg,2020-12-27 05:00:00+10,7
164,nameC,2020-11-28,locationB,LInJun,SDK932,projectC,24.66,77710009,RobotD,16:00:00+10,kg,2020-11-28 16:00:00+10,3
165,nameB,2020-12-18,locationD,LInJun,JVB346,projectC,28.17,45652752,RobotC,22:00:00+10,kg,2020-12-18 22:00:00+10,10
166,nameA,2020-12-01,locationB,LInJun,NBS293,projectC,26.01,34149766,RobotB,20:00:00+10,kg,2020-12-01 20:00:00+10,3
167,nameD,2020-12-14,locationE,LInJun,BSA853,projectA,24.58,68272094,RobotB,06:00:00+10,kg,2020-12-14 06:00:00+10,5
168,nameF,2020-12-14,locationF,LInJun,BSA853,projectA,27.38,73870910,RobotA,01:00:00+10,kg,2020-12-14 01:00:00+10,2
169,nameD,2020-12-09,locationA,LInJun,ABC123,projectA,24.14,72899884,RobotD,22:00:00+10,kg,2020-12-09 22:00:00+10,3
170,nameB,2020-12-29,locationF,LInJun,SDK932,projectC,27.87,49232038,RobotA,06:00:00+10,kg,2020-12-29 06:00:00+10,4
171,nameB,2020-12-17,locationA,LInJun,USA987,projectB,21.74,48610055,RobotC,12:00:00+10,kg,2020-12-17 12:00:00+10,2
172,nameF,2020-12-05,locationC,LInJun,SDK932,projectC,8.42,36968065,RobotF,03:00:00+10,kg,2020-12-05 03:00:00+10,8
173,nameF,2020-12-14,locationF,LInJun,YHD234,projectA,29.42,46746964,RobotE,20:00:00+10,kg,2020-12-14 20:00:00+10,3
174,nameD,2020-12-24,locationE,LInJun,BSA853,projectB,26.16,40635697,RobotA,15:00:00+10,kg,2020-12-24 15:00:00+10,5
175,nameC,2021-01-01,locationB,LInJun,VJS873,projectA,8.47,13914582,RobotA,16:00:00+10,kg,2021-01-01 16:00:00+10,8
176,nameD,2020-11-19,locationA,LInJun,FJD837,projectC,9.67,93309532,RobotD,21:00:00+10,kg,2020-11-19 21:00:00+10,8
177,nameD,2020-12-19,locationA,LInJun,USA987,projectC,8.98,11534278,RobotC,21:00:00+10,kg,2020-12-19 21:00:00+10,10
178,nameC,2020-12-31,locationF,LInJun,SDK932,projectC,6,99451393,RobotA,04:00:00+10,kg,2020-12-31 04:00:00+10,9
179,nameE,2020-12-25,locationC,LInJun,BVH475,projectA,6.98,59592063,RobotD,06:00:00+10,kg,2020-12-25 06:00:00+10,4
180,nameC,2020-11-23,locationE,LInJun,MVS239,projectC,6.33,45479450,RobotF,09:00:00+10,kg,2020-11-23 09:00:00+10,6
181,nameF,2020-11-23,locationD,LInJun,VJS873,projectB,11.25,97836078,RobotC,15:00:00+10,kg,2020-11-23 15:00:00+10,3
182,nameB,2020-11-28,locationB,LInJun,FJD837,projectB,8.42,52393732,RobotD,08:00:00+10,kg,2020-11-28 08:00:00+10,4
183,nameE,2020-12-31,locationD,LInJun,NBS293,projectA,5.36,59574155,RobotC,01:00:00+10,kg,2020-12-31 01:00:00+10,1
184,nameD,2020-12-12,locationC,LInJun,VJS873,projectC,13.53,63723760,RobotF,01:00:00+10,kg,2020-12-12 01:00:00+10,4
185,nameB,2020-12-25,locationB,LInJun,USA987,projectC,29.74,16203990,RobotF,20:00:00+10,kg,2020-12-25 20:00:00+10,2
186,nameE,2020-12-17,locationC,LInJun,VJS873,projectC,10.74,50769853,RobotE,20:00:00+10,kg,2020-12-17 20:00:00+10,6
187,nameE,2020-12-06,locationE,LInJun,NBS293,projectA,5.39,82220231,RobotB,20:00:00+10,kg,2020-12-06 20:00:00+10,3
188,nameB,2020-12-16,locationF,LInJun,NBS293,projectC,28.44,39905945,RobotB,19:00:00+10,kg,2020-12-16 19:00:00+10,6
189,nameF,2020-12-24,locationE,LInJun,JFD984,projectA,12.63,41169269,RobotF,01:00:00+10,kg,2020-12-24 01:00:00+10,3
190,nameA,2020-12-21,locationB,LInJun,JVB346,projectC,19.73,44686342,RobotC,18:00:00+10,kg,2020-12-21 18:00:00+10,7
191,nameA,2020-11-16,locationC,LInJun,USA987,projectC,26.99,62270732,RobotE,01:00:00+10,kg,2020-11-16 01:00:00+10,7
192,nameC,2020-12-20,locationB,LInJun,URI240,projectB,13.83,55781868,RobotC,11:00:00+10,kg,2020-12-20 11:00:00+10,5
193,nameD,2020-12-17,locationE,LInJun,SJI573,projectA,9.49,22810299,RobotC,07:00:00+10,kg,2020-12-17 07:00:00+10,1
194,nameC,2020-12-14,locationD,LInJun,EDF432,projectC,5.04,65361237,RobotB,11:00:00+10,kg,2020-12-14 11:00:00+10,4
195,nameF,2020-12-21,locationB,LInJun,VSK938,projectA,17.28,57187490,RobotB,05:00:00+10,kg,2020-12-21 05:00:00+10,9
196,nameD,2020-12-16,locationC,LInJun,SUR213,projectC,22.76,37552091,RobotA,16:00:00+10,kg,2020-12-16 16:00:00+10,8
197,nameB,2020-11-27,locationB,LInJun,AIR043,projectB,20.66,59275196,RobotD,15:00:00+10,kg,2020-11-27 15:00:00+10,10
198,nameA,2020-12-23,locationA,LInJun,EDF432,projectB,7.97,81516412,RobotC,02:00:00+10,kg,2020-12-23 02:00:00+10,5
199,nameC,2020-12-23,locationD,LInJun,JVB346,projectA,23.72,11155162,RobotE,23:00:00+10,kg,2020-12-23 23:00:00+10,10
200,nameE,2020-12-09,locationF,LInJun,URI240,projectA,29.44,70999033,RobotE,07:00:00+10,kg,2020-12-09 07:00:00+10,3
201,nameA,2021-01-01,locationA,LInJun,AIR043,projectB,20.87,16023254,RobotD,02:00:00+10,kg,2021-01-01 02:00:00+10,2
202,nameF,2020-12-21,locationE,LInJun,USA987,projectA,29.28,37753928,RobotF,20:00:00+10,kg,2020-12-21 20:00:00+10,8
203,nameB,2020-12-30,locationF,LInJun,BSA853,projectB,26.84,42730593,RobotA,22:00:00+10,kg,2020-12-30 22:00:00+10,6
204,nameA,2020-12-24,locationB,LInJun,FJD837,projectA,18.19,60375399,RobotD,07:00:00+10,kg,2020-12-24 07:00:00+10,1
205,nameB,2020-11-24,locationC,LInJun,VSK938,projectB,9.98,32029976,RobotA,08:00:00+10,kg,2020-11-24 08:00:00+10,5
206,nameF,2020-12-26,locationF,LInJun,BVH475,projectB,6.54,56933054,RobotB,18:00:00+10,kg,2020-12-26 18:00:00+10,3
207,nameC,2020-12-21,locationF,LInJun,SHI374,projectB,15.63,84277627,RobotE,11:00:00+10,kg,2020-12-21 11:00:00+10,9
208,nameA,2021-01-01,locationB,LInJun,JFD984,projectB,7.14,53694527,RobotE,09:00:00+10,kg,2021-01-01 09:00:00+10,8
209,nameF,2020-11-17,locationA,LInJun,VSK938,projectA,5.55,11186756,RobotA,06:00:00+10,kg,2020-11-17 06:00:00+10,8
210,nameE,2020-11-27,locationE,LInJun,VSK938,projectB,30.14,64514626,RobotB,05:00:00+10,kg,2020-11-27 05:00:00+10,3
211,nameE,2020-12-17,locationB,LInJun,JVB346,projectA,6.97,12172539,RobotD,11:00:00+10,kg,2020-12-17 11:00:00+10,9
212,nameF,2020-12-09,locationB,LInJun,NBS293,projectA,16.29,10689519,RobotF,15:00:00+10,kg,2020-12-09 15:00:00+10,8
213,nameF,2020-11-29,locationA,LInJun,SDK932,projectB,22.59,68831683,RobotA,19:00:00+10,kg,2020-11-29 19:00:00+10,9
214,nameA,2020-12-02,locationA,LInJun,NBS293,projectA,21.7,78161020,RobotD,10:00:00+10,kg,2020-12-02 10:00:00+10,4
215,nameB,2020-11-21,locationE,LInJun,SUR213,projectB,11.74,94333350,RobotE,09:00:00+10,kg,2020-11-21 09:00:00+10,4
216,nameF,2020-11-27,locationF,LInJun,AIR043,projectA,25.86,78576138,RobotF,05:00:00+10,kg,2020-11-27 05:00:00+10,9
217,nameF,2020-12-22,locationE,LInJun,VSK938,projectA,20.15,51060222,RobotD,12:00:00+10,kg,2020-12-22 12:00:00+10,5
218,nameF,2020-12-20,locationA,LInJun,SJI573,projectC,22.34,92299430,RobotD,09:00:00+10,kg,2020-12-20 09:00:00+10,10
219,nameA,2020-12-22,locationF,LInJun,ABC123,projectC,15.28,18395112,RobotE,16:00:00+10,kg,2020-12-22 16:00:00+10,7
220,nameB,2020-11-21,locationB,LInJun,USA987,projectA,10.62,74985118,RobotA,02:00:00+10,kg,2020-11-21 02:00:00+10,3
221,nameD,2020-12-31,locationA,LInJun,SUR213,projectA,10.83,44586005,RobotF,06:00:00+10,kg,2020-12-31 06:00:00+10,3
222,nameD,2020-11-30,locationB,LInJun,JFD984,projectC,24.72,64038883,RobotB,10:00:00+10,kg,2020-11-30 10:00:00+10,1
223,nameD,2020-12-08,locationE,LInJun,JVB346,projectC,11.11,82413166,RobotF,22:00:00+10,kg,2020-12-08 22:00:00+10,4
224,nameA,2020-12-28,locationF,LInJun,SDK932,projectC,21.73,38227106,RobotA,14:00:00+10,kg,2020-12-28 14:00:00+10,9
225,nameE,2020-11-16,locationA,LInJun,VJS873,projectB,26.34,38439497,RobotD,15:00:00+10,kg,2020-11-16 15:00:00+10,3
226,nameD,2020-12-09,locationE,LInJun,SDK932,projectC,5.17,23003652,RobotB,13:00:00+10,kg,2020-12-09 13:00:00+10,9
227,nameE,2020-12-11,locationD,LInJun,JVB346,projectA,13.02,17273589,RobotC,02:00:00+10,kg,2020-12-11 02:00:00+10,6
228,nameF,2020-12-25,locationE,LInJun,FJD837,projectC,11.63,51304658,RobotE,02:00:00+10,kg,2020-12-25 02:00:00+10,9
229,nameD,2020-12-29,locationE,LInJun,NBS293,projectA,18.98,67586134,RobotA,09:00:00+10,kg,2020-12-29 09:00:00+10,3
230,nameC,2020-12-06,locationC,LInJun,BVH475,projectB,23.79,38219692,RobotE,03:00:00+10,kg,2020-12-06 03:00:00+10,6
231,nameD,2020-11-24,locationE,LInJun,YHD234,projectA,26.95,43317504,RobotD,04:00:00+10,kg,2020-11-24 04:00:00+10,7
232,nameF,2020-11-27,locationA,LInJun,SUR213,projectC,20.42,92088450,RobotD,13:00:00+10,kg,2020-11-27 13:00:00+10,3
233,nameD,2020-12-24,locationB,LInJun,BVH475,projectA,15.19,92218322,RobotC,22:00:00+10,kg,2020-12-24 22:00:00+10,8
234,nameC,2020-11-18,locationE,LInJun,URI240,projectC,22,19500252,RobotB,03:00:00+10,kg,2020-11-18 03:00:00+10,5
235,nameF,2020-12-30,locationB,LInJun,EDF432,projectA,13.16,13360329,RobotD,06:00:00+10,kg,2020-12-30 06:00:00+10,6
236,nameF,2021-01-02,locationA,LInJun,SJI573,projectA,7.56,34145320,RobotB,03:00:00+10,kg,2021-01-02 03:00:00+10,2
237,nameC,2020-12-19,locationB,LInJun,SJI573,projectA,17.31,95779536,RobotF,06:00:00+10,kg,2020-12-19 06:00:00+10,4
238,nameD,2020-12-28,locationD,LInJun,ABC123,projectB,27.27,82225925,RobotB,06:00:00+10,kg,2020-12-28 06:00:00+10,6
239,nameE,2020-12-12,locationD,LInJun,FJD837,projectB,6.03,87737664,RobotD,23:00:00+10,kg,2020-12-12 23:00:00+10,5
240,nameF,2020-11-29,locationC,LInJun,JVB346,projectA,8.11,42856849,RobotC,02:00:00+10,kg,2020-11-29 02:00:00+10,5
241,nameA,2020-12-07,locationB,LInJun,JVB346,projectB,5.08,15552197,RobotB,16:00:00+10,kg,2020-12-07 16:00:00+10,4
242,nameE,2020-12-14,locationA,LInJun,VSK938,projectA,15.86,30952572,RobotA,14:00:00+10,kg,2020-12-14 14:00:00+10,8
243,nameC,2020-12-04,locationF,LInJun,ABC123,projectA,11.5,91875092,RobotA,02:00:00+10,kg,2020-12-04 02:00:00+10,4
244,nameF,2020-11-29,locationD,LInJun,EDF432,projectA,5.21,94797572,RobotA,12:00:00+10,kg,2020-11-29 12:00:00+10,8
245,nameD,2020-11-27,locationC,LInJun,SUR213,projectB,30.93,88300756,RobotD,05:00:00+10,kg,2020-11-27 05:00:00+10,8
246,nameA,2020-12-02,locationB,LInJun,VJS873,projectC,16.13,45570183,RobotC,11:00:00+10,kg,2020-12-02 11:00:00+10,6
247,nameD,2020-11-26,locationE,LInJun,SDK932,projectC,20.92,85033471,RobotA,06:00:00+10,kg,2020-11-26 06:00:00+10,9
248,nameA,2020-11-17,locationE,LInJun,VSK938,projectB,12.75,30786327,RobotB,16:00:00+10,kg,2020-11-17 16:00:00+10,2
249,nameC,2020-12-23,locationD,LInJun,USA987,projectA,19.44,10283237,RobotC,09:00:00+10,kg,2020-12-23 09:00:00+10,5
250,nameF,2020-12-08,locationC,LInJun,USA987,projectB,5.44,26365843,RobotF,15:00:00+10,kg,2020-12-08 15:00:00+10,4
251,nameF,2020-12-27,locationE,LInJun,URI240,projectA,26.56,47643405,RobotA,02:00:00+10,kg,2020-12-27 02:00:00+10,7
252,nameE,2020-11-16,locationC,LInJun,USA987,projectC,15.01,27830687,RobotE,18:00:00+10,kg,2020-11-16 18:00:00+10,9
253,nameF,2020-12-01,locationF,LInJun,SDK932,projectA,19.76,26632721,RobotA,00:00:00+10,kg,2020-12-01 00:00:00+10,7
254,nameD,2020-11-20,locationC,LInJun,JVB346,projectC,21.32,24630593,RobotB,12:00:00+10,kg,2020-11-20 12:00:00+10,1
255,nameF,2020-11-25,locationF,LInJun,JFD984,projectB,11.73,92050184,RobotB,14:00:00+10,kg,2020-11-25 14:00:00+10,9
256,nameB,2020-12-01,locationC,LInJun,EDF432,projectC,6.16,85435672,RobotE,07:00:00+10,kg,2020-12-01 07:00:00+10,6
257,nameB,2020-11-20,locationA,LInJun,BVH475,projectC,7.99,51991167,RobotB,01:00:00+10,kg,2020-11-20 01:00:00+10,5
258,nameD,2020-12-20,locationA,LInJun,AIR043,projectA,14.26,81820467,RobotA,22:00:00+10,kg,2020-12-20 22:00:00+10,10
259,nameC,2020-11-17,locationC,LInJun,SHI374,projectB,26.85,53479528,RobotD,08:00:00+10,kg,2020-11-17 08:00:00+10,5
260,nameA,2020-12-28,locationC,LInJun,SHI374,projectB,11.23,73966377,RobotD,14:00:00+10,kg,2020-12-28 14:00:00+10,10
261,nameF,2020-11-26,locationD,LInJun,BSA853,projectB,29.75,81163818,RobotC,06:00:00+10,kg,2020-11-26 06:00:00+10,3
262,nameF,2020-11-26,locationD,LInJun,MVS239,projectC,21.08,99586003,RobotA,17:00:00+10,kg,2020-11-26 17:00:00+10,8
263,nameF,2020-12-17,locationC,LInJun,USA987,projectC,13.08,59423213,RobotA,05:00:00+10,kg,2020-12-17 05:00:00+10,5
264,nameD,2020-12-26,locationC,LInJun,JVB346,projectC,30.84,25690419,RobotF,14:00:00+10,kg,2020-12-26 14:00:00+10,2
265,nameD,2020-12-25,locationD,LInJun,SJI573,projectC,6.67,36355790,RobotB,05:00:00+10,kg,2020-12-25 05:00:00+10,1
266,nameE,2020-12-06,locationF,LInJun,JFD984,projectA,26.01,51641523,RobotF,19:00:00+10,kg,2020-12-06 19:00:00+10,4
267,nameB,2020-11-17,locationA,LInJun,SHI374,projectB,18.14,34257244,RobotC,22:00:00+10,kg,2020-11-17 22:00:00+10,8
268,nameC,2020-11-24,locationD,LInJun,EDF432,projectB,19.55,17521977,RobotA,22:00:00+10,kg,2020-11-24 22:00:00+10,8
269,nameE,2020-12-20,locationB,LInJun,AIR043,projectC,27.32,45363581,RobotB,20:00:00+10,kg,2020-12-20 20:00:00+10,4
270,nameF,2020-12-05,locationE,LInJun,JVB346,projectA,18.84,62623294,RobotD,01:00:00+10,kg,2020-12-05 01:00:00+10,8
271,nameA,2020-12-15,locationD,LInJun,FJD837,projectB,29.89,33846926,RobotB,07:00:00+10,kg,2020-12-15 07:00:00+10,1
272,nameA,2020-12-05,locationD,LInJun,BVH475,projectB,24.48,59714590,RobotB,17:00:00+10,kg,2020-12-05 17:00:00+10,4
273,nameB,2020-11-20,locationF,LInJun,SUR213,projectB,15,76954890,RobotC,11:00:00+10,kg,2020-11-20 11:00:00+10,10
274,nameD,2021-01-01,locationC,LInJun,YHD234,projectC,22.44,74927585,RobotD,09:00:00+10,kg,2021-01-01 09:00:00+10,1
275,nameB,2020-12-01,locationE,LInJun,FJD837,projectB,8.16,50934426,RobotB,00:00:00+10,kg,2020-12-01 00:00:00+10,5
276,nameE,2020-12-31,locationC,LInJun,JFD984,projectC,29.57,42369409,RobotA,14:00:00+10,kg,2020-12-31 14:00:00+10,6
277,nameC,2020-12-28,locationE,LInJun,BVH475,projectB,20.84,76970029,RobotF,18:00:00+10,kg,2020-12-28 18:00:00+10,10
278,nameA,2020-12-03,locationC,LInJun,YHD234,projectB,23.44,78352019,RobotB,19:00:00+10,kg,2020-12-03 19:00:00+10,10
279,nameF,2020-11-22,locationA,LInJun,SDK932,projectC,30.69,35783292,RobotB,03:00:00+10,kg,2020-11-22 03:00:00+10,3
280,nameB,2020-12-30,locationB,LInJun,JVB346,projectA,8.28,68101005,RobotF,14:00:00+10,kg,2020-12-30 14:00:00+10,1
281,nameA,2020-12-09,locationE,LInJun,VSK938,projectB,13.37,75088468,RobotE,00:00:00+10,kg,2020-12-09 00:00:00+10,6
282,nameB,2020-12-13,locationB,LInJun,YHD234,projectB,19.62,82127425,RobotD,01:00:00+10,kg,2020-12-13 01:00:00+10,8
283,nameD,2020-11-23,locationB,LInJun,SUR213,projectC,8.13,25121091,RobotB,04:00:00+10,kg,2020-11-23 04:00:00+10,5
284,nameA,2020-12-18,locationF,LInJun,BVH475,projectB,25.29,14556265,RobotE,04:00:00+10,kg,2020-12-18 04:00:00+10,7
285,nameA,2020-12-03,locationC,LInJun,BVH475,projectB,17.98,82679523,RobotA,05:00:00+10,kg,2020-12-03 05:00:00+10,3
286,nameB,2020-12-03,locationE,LInJun,VJS873,projectA,24.02,59623431,RobotF,18:00:00+10,kg,2020-12-03 18:00:00+10,6
287,nameE,2020-11-26,locationC,LInJun,JVB346,projectC,10.4,64376416,RobotB,08:00:00+10,kg,2020-11-26 08:00:00+10,3
288,nameB,2020-12-04,locationD,LInJun,BSA853,projectC,26.17,11511011,RobotE,09:00:00+10,kg,2020-12-04 09:00:00+10,1
289,nameC,2020-12-10,locationE,LInJun,FJD837,projectB,10.69,60484324,RobotB,23:00:00+10,kg,2020-12-10 23:00:00+10,5
290,nameF,2020-12-09,locationC,LInJun,EDF432,projectB,28.41,34674840,RobotE,00:00:00+10,kg,2020-12-09 00:00:00+10,2
291,nameC,2020-12-20,locationB,LInJun,JFD984,projectA,20.6,28893308,RobotD,04:00:00+10,kg,2020-12-20 04:00:00+10,3
292,nameF,2020-11-20,locationF,LInJun,EDF432,projectA,30.57,14696887,RobotC,03:00:00+10,kg,2020-11-20 03:00:00+10,10
293,nameE,2020-12-30,locationB,LInJun,SUR213,projectB,5.54,50131722,RobotF,18:00:00+10,kg,2020-12-30 18:00:00+10,9
294,nameB,2020-12-20,locationE,LInJun,AIR043,projectA,30.09,64715509,RobotC,01:00:00+10,kg,2020-12-20 01:00:00+10,2
295,nameF,2020-12-16,locationB,LInJun,SHI374,projectB,7.13,68877004,RobotE,09:00:00+10,kg,2020-12-16 09:00:00+10,4
296,nameF,2020-11-19,locationF,LInJun,JFD984,projectB,16.23,42187408,RobotF,18:00:00+10,kg,2020-11-19 18:00:00+10,2
297,nameF,2020-11-18,locationC,LInJun,SUR213,projectB,5.41,50457983,RobotC,00:00:00+10,kg,2020-11-18 00:00:00+10,6
298,nameD,2020-11-22,locationE,LInJun,SUR213,projectB,5.99,98360670,RobotA,11:00:00+10,kg,2020-11-22 11:00:00+10,9
299,nameF,2020-12-06,locationB,LInJun,SUR213,projectA,18.1,74792486,RobotF,16:00:00+10,kg,2020-12-06 16:00:00+10,1
300,nameF,2020-11-28,locationD,LInJun,SHI374,projectB,5.33,26191294,RobotC,09:00:00+10,kg,2020-11-28 09:00:00+10,9
301,nameB,2020-12-11,locationF,LInJun,JVB346,projectC,14.17,73061746,RobotF,00:00:00+10,kg,2020-12-11 00:00:00+10,6
302,nameA,2020-12-24,locationD,LInJun,JFD984,projectA,23.38,84981939,RobotE,07:00:00+10,kg,2020-12-24 07:00:00+10,3
303,nameB,2020-12-25,locationF,LInJun,MVS239,projectA,29.6,25338676,RobotA,06:00:00+10,kg,2020-12-25 06:00:00+10,6
304,nameA,2020-12-31,locationA,LInJun,ABC123,projectB,29.8,18897882,RobotB,09:00:00+10,kg,2020-12-31 09:00:00+10,4
305,nameD,2020-12-29,locationA,LInJun,ABC123,projectB,9.75,25987585,RobotE,12:00:00+10,kg,2020-12-29 12:00:00+10,4
306,nameB,2020-11-23,locationF,LInJun,SJI573,projectC,11.63,11711264,RobotB,23:00:00+10,kg,2020-11-23 23:00:00+10,5
307,nameD,2020-12-19,locationA,LInJun,NBS293,projectC,16.95,50453907,RobotE,07:00:00+10,kg,2020-12-19 07:00:00+10,5
308,nameB,2020-11-17,locationF,LInJun,JVB346,projectC,26.43,28067588,RobotA,16:00:00+10,kg,2020-11-17 16:00:00+10,5
309,nameC,2020-12-17,locationB,LInJun,BVH475,projectA,13.41,46544055,RobotE,05:00:00+10,kg,2020-12-17 05:00:00+10,6
310,nameB,2020-12-22,locationC,LInJun,MVS239,projectA,26.65,38089123,RobotE,08:00:00+10,kg,2020-12-22 08:00:00+10,6
311,nameF,2020-12-31,locationE,LInJun,MVS239,projectB,26.6,17885874,RobotE,12:00:00+10,kg,2020-12-31 12:00:00+10,9
312,nameE,2020-12-29,locationF,LInJun,SHI374,projectB,15.63,71598379,RobotD,08:00:00+10,kg,2020-12-29 08:00:00+10,3
313,nameF,2020-12-28,locationE,LInJun,AIR043,projectC,11.06,64746988,RobotE,00:00:00+10,kg,2020-12-28 00:00:00+10,4
314,nameE,2020-12-21,locationE,LInJun,MVS239,projectC,12,48414786,RobotA,14:00:00+10,kg,2020-12-21 14:00:00+10,10
315,nameF,2020-12-26,locationF,LInJun,SUR213,projectA,12.03,14845935,RobotF,08:00:00+10,kg,2020-12-26 08:00:00+10,6
316,nameE,2020-12-01,locationC,LInJun,JVB346,projectA,5.58,11334583,RobotE,07:00:00+10,kg,2020-12-01 07:00:00+10,2
317,nameB,2020-12-26,locationC,LInJun,JVB346,projectB,23.69,60184221,RobotB,10:00:00+10,kg,2020-12-26 10:00:00+10,10
318,nameD,2020-12-07,locationC,LInJun,BSA853,projectC,19.5,20588255,RobotE,09:00:00+10,kg,2020-12-07 09:00:00+10,4
319,nameF,2020-11-18,locationE,LInJun,BSA853,projectC,12.91,79433349,RobotB,14:00:00+10,kg,2020-11-18 14:00:00+10,3
320,nameD,2020-11-20,locationE,LInJun,SJI573,projectA,29.61,23913058,RobotB,05:00:00+10,kg,2020-11-20 05:00:00+10,2
321,nameD,2020-12-12,locationD,LInJun,URI240,projectB,14.94,31528723,RobotE,12:00:00+10,kg,2020-12-12 12:00:00+10,10
322,nameB,2020-12-07,locationA,LInJun,SUR213,projectB,11.68,74669391,RobotC,19:00:00+10,kg,2020-12-07 19:00:00+10,7
323,nameB,2020-11-25,locationA,LInJun,ABC123,projectA,17.54,26406973,RobotA,02:00:00+10,kg,2020-11-25 02:00:00+10,5
324,nameF,2020-12-05,locationC,LInJun,JVB346,projectB,27.61,40765630,RobotE,02:00:00+10,kg,2020-12-05 02:00:00+10,8
325,nameC,2020-12-20,locationF,LInJun,JFD984,projectB,15.44,31516166,RobotF,01:00:00+10,kg,2020-12-20 01:00:00+10,6
326,nameD,2020-12-26,locationC,LInJun,VSK938,projectC,15.6,11768325,RobotD,22:00:00+10,kg,2020-12-26 22:00:00+10,2
327,nameF,2020-12-15,locationF,LInJun,BVH475,projectB,5.51,98845722,RobotA,11:00:00+10,kg,2020-12-15 11:00:00+10,7
328,nameB,2020-12-17,locationF,LInJun,JVB346,projectC,15.47,14131109,RobotF,11:00:00+10,kg,2020-12-17 11:00:00+10,2
329,nameC,2020-12-13,locationF,LInJun,BSA853,projectC,12,73583137,RobotF,11:00:00+10,kg,2020-12-13 11:00:00+10,5
330,nameA,2020-11-30,locationF,LInJun,FJD837,projectA,25.06,35158823,RobotC,02:00:00+10,kg,2020-11-30 02:00:00+10,9
331,nameA,2020-12-25,locationA,LInJun,SJI573,projectB,8.74,83558860,RobotA,05:00:00+10,kg,2020-12-25 05:00:00+10,8
332,nameA,2020-12-31,locationF,LInJun,ABC123,projectC,15.99,40951734,RobotB,05:00:00+10,kg,2020-12-31 05:00:00+10,6
333,nameE,2020-12-11,locationD,LInJun,SDK932,projectC,24.21,91568442,RobotD,04:00:00+10,kg,2020-12-11 04:00:00+10,2
334,nameC,2020-12-13,locationC,LInJun,VJS873,projectC,11.36,84200535,RobotC,00:00:00+10,kg,2020-12-13 00:00:00+10,4
335,nameC,2020-12-18,locationB,LInJun,VSK938,projectA,30.37,21213025,RobotC,00:00:00+10,kg,2020-12-18 00:00:00+10,5
336,nameD,2020-12-27,locationD,LInJun,URI240,projectB,26.71,67287379,RobotD,00:00:00+10,kg,2020-12-27 00:00:00+10,7
337,nameD,2020-11-26,locationA,LInJun,VSK938,projectB,23.17,74087221,RobotF,15:00:00+10,kg,2020-11-26 15:00:00+10,2
338,nameE,2021-01-02,locationE,LInJun,SUR213,projectB,14.07,43676768,RobotD,06:00:00+10,kg,2021-01-02 06:00:00+10,9
339,nameC,2020-11-18,locationE,LInJun,AIR043,projectB,7.95,78737424,RobotF,13:00:00+10,kg,2020-11-18 13:00:00+10,2
340,nameD,2020-12-26,locationF,LInJun,SUR213,projectC,19.49,50339709,RobotE,00:00:00+10,kg,2020-12-26 00:00:00+10,5
341,nameF,2020-12-29,locationA,LInJun,BSA853,projectB,14.11,93825488,RobotA,14:00:00+10,kg,2020-12-29 14:00:00+10,7
342,nameE,2020-12-12,locationC,LInJun,JVB346,projectA,25.77,96068722,RobotD,06:00:00+10,kg,2020-12-12 06:00:00+10,8
343,nameE,2020-12-12,locationD,LInJun,NBS293,projectA,14.28,12412596,RobotA,15:00:00+10,kg,2020-12-12 15:00:00+10,10
344,nameF,2020-12-01,locationD,LInJun,FJD837,projectB,15.02,34991095,RobotB,09:00:00+10,kg,2020-12-01 09:00:00+10,2
345,nameF,2020-12-17,locationC,LInJun,BSA853,projectA,25.39,85888482,RobotD,16:00:00+10,kg,2020-12-17 16:00:00+10,8
346,nameD,2020-12-22,locationE,LInJun,NBS293,projectA,27.15,81933372,RobotD,15:00:00+10,kg,2020-12-22 15:00:00+10,6
347,nameF,2020-12-31,locationE,LInJun,VJS873,projectB,7.25,27712259,RobotD,01:00:00+10,kg,2020-12-31 01:00:00+10,8
348,nameD,2020-12-09,locationC,LInJun,YHD234,projectA,20.94,32338061,RobotD,00:00:00+10,kg,2020-12-09 00:00:00+10,9
349,nameB,2021-01-02,locationE,LInJun,USA987,projectC,26.8,62122077,RobotA,16:00:00+10,kg,2021-01-02 16:00:00+10,9
350,nameD,2020-11-22,locationF,LInJun,SJI573,projectB,30.62,70439400,RobotF,12:00:00+10,kg,2020-11-22 12:00:00+10,10
351,nameB,2020-12-31,locationE,LInJun,SHI374,projectB,26.38,74559130,RobotA,18:00:00+10,kg,2020-12-31 18:00:00+10,1
352,nameD,2020-12-29,locationE,LInJun,JFD984,projectB,28.02,97625893,RobotF,05:00:00+10,kg,2020-12-29 05:00:00+10,2
353,nameF,2020-12-05,locationB,LInJun,MVS239,projectA,16.03,64194258,RobotB,04:00:00+10,kg,2020-12-05 04:00:00+10,1
354,nameD,2020-12-04,locationE,LInJun,BVH475,projectA,25.26,15020135,RobotE,06:00:00+10,kg,2020-12-04 06:00:00+10,5
355,nameA,2020-12-02,lcoationD,LInJun,NBS293,projectB,11.96,28904451,RobotA,00:00:00+10,kg,2020-12-02 00:00:00+10,4
356,nameF,2020-12-28,locationB,LInJun,NBS293,projectC,17.29,64412530,RobotE,06:00:00+10,kg,2020-12-28 06:00:00+10,8
357,nameF,2020-12-06,locationC,LInJun,MVS239,projectA,21.9,38259833,RobotC,11:00:00+10,kg,2020-12-06 11:00:00+10,4
358,nameA,2020-12-18,locationB,LInJun,SHI374,projectA,13.69,84173358,RobotF,18:00:00+10,kg,2020-12-18 18:00:00+10,8
359,nameE,2020-11-29,locationC,LInJun,NBS293,projectC,7.04,64399493,RobotA,05:00:00+10,kg,2020-11-29 05:00:00+10,7
360,nameC,2020-11-24,locationB,LInJun,ABC123,projectC,17.69,79361703,RobotB,16:00:00+10,kg,2020-11-24 16:00:00+10,3
361,nameB,2020-12-06,locationE,LInJun,VSK938,projectA,13.52,27906292,RobotA,22:00:00+10,kg,2020-12-06 22:00:00+10,7
362,nameB,2020-11-19,locationA,LInJun,NBS293,projectA,27.17,72165867,RobotB,12:00:00+10,kg,2020-11-19 12:00:00+10,1
363,nameC,2020-12-24,locationB,LInJun,VSK938,projectA,15.62,93549609,RobotD,02:00:00+10,kg,2020-12-24 02:00:00+10,6
364,nameF,2020-11-17,locationC,LInJun,FJD837,projectB,30.35,24664369,RobotC,06:00:00+10,kg,2020-11-17 06:00:00+10,8
365,nameD,2020-12-03,locationC,LInJun,SHI374,projectB,29.6,52673949,RobotA,05:00:00+10,kg,2020-12-03 05:00:00+10,4
366,nameB,2020-11-20,locationC,LInJun,AIR043,projectB,15.78,43070803,RobotD,18:00:00+10,kg,2020-11-20 18:00:00+10,2
367,nameE,2020-12-06,locationA,LInJun,USA987,projectC,13.7,26828242,RobotD,22:00:00+10,kg,2020-12-06 22:00:00+10,2
368,nameE,2020-12-02,locationF,LInJun,YHD234,projectB,20.82,13203601,RobotC,16:00:00+10,kg,2020-12-02 16:00:00+10,4
369,nameD,2020-11-29,locationE,LInJun,VSK938,projectC,14.09,21677072,RobotE,06:00:00+10,kg,2020-11-29 06:00:00+10,7
370,nameD,2020-12-06,locationE,LInJun,VSK938,projectA,9.75,38769670,RobotB,11:00:00+10,kg,2020-12-06 11:00:00+10,5
371,nameB,2020-11-19,locationF,LInJun,SJI573,projectC,5.48,14082401,RobotD,08:00:00+10,kg,2020-11-19 08:00:00+10,3
372,nameC,2020-12-18,locationB,LInJun,SHI374,projectC,9.46,83135621,RobotC,20:00:00+10,kg,2020-12-18 20:00:00+10,3
373,nameA,2020-12-01,lcoationD,LInJun,YHD234,projectA,21.44,65680725,RobotE,12:00:00+10,kg,2020-12-01 12:00:00+10,6
374,nameB,2020-11-16,locationF,LInJun,SDK932,projectA,22.21,40373435,RobotF,07:00:00+10,kg,2020-11-16 07:00:00+10,9
375,nameA,2020-11-19,locationA,LInJun,ABC123,projectB,28.32,66194950,RobotD,07:00:00+10,kg,2020-11-19 07:00:00+10,3
376,nameA,2020-11-20,locationF,LInJun,VSK938,projectA,11.52,79948318,RobotF,23:00:00+10,kg,2020-11-20 23:00:00+10,4
377,nameC,2020-12-15,lcoationD,LInJun,SHI374,projectA,27.92,74009893,RobotD,17:00:00+10,kg,2020-12-15 17:00:00+10,1
378,nameF,2020-12-11,locationE,LInJun,BSA853,projectA,22.28,37686753,RobotA,23:00:00+10,kg,2020-12-11 23:00:00+10,2
379,nameD,2020-12-16,locationF,LInJun,AIR043,projectA,26.97,67876781,RobotB,20:00:00+10,kg,2020-12-16 20:00:00+10,1
380,nameE,2020-12-11,lcoationD,LInJun,ABC123,projectB,16.92,13402929,RobotD,22:00:00+10,kg,2020-12-11 22:00:00+10,9
381,nameC,2020-12-14,locationF,LInJun,SDK932,projectC,27.53,89067425,RobotB,10:00:00+10,kg,2020-12-14 10:00:00+10,8
382,nameD,2020-12-30,lcoationD,LInJun,VJS873,projectB,24.08,44818820,RobotB,18:00:00+10,kg,2020-12-30 18:00:00+10,3
383,nameE,2020-12-21,lcoationD,LInJun,BVH475,projectA,22.88,99566560,RobotC,23:00:00+10,kg,2020-12-21 23:00:00+10,6
384,nameC,2020-12-08,locationB,LInJun,VSK938,projectC,21.28,62304320,RobotF,06:00:00+10,kg,2020-12-08 06:00:00+10,7
385,nameF,2020-12-01,locationE,LInJun,BSA853,projectC,14.35,39377669,RobotA,16:00:00+10,kg,2020-12-01 16:00:00+10,5